Id,Name,Surname,Initials,Age,DateOfBirth
1,Benjamin,Martinez,B,47,1976-01-11
2,Abigail,Thomas,A,82,1941-08-12
3,Logan,Davis,L,53,1970-10-30
4,Abigail,Thompson,A,34,1989-08-29
5,Aiden,Johnson,A,21,2002-02-21
6,Alexander,Harris,A,22,2001-01-10
7,Ava,Jones,A,72,1951-09-22
8,Evelyn,Thomas,E,22,2001-04-27
9,Jackson,Jackson,J,88,1935-02-14
10,James,Martinez,J,83,1940-08-05
11,Alexander,Williams,A,74,1949-11-25
12,Sophia,Martinez,S,78,1945-03-08
13,Harper,Garcia,H,47,1976-08-18
14,Harper,Thomas,H,49,1974-06-19
15,Noah,Thomas,N,45,1978-04-30
16,Sophia,Wilson,S,53,1970-09-14
17,Evelyn,Garcia,E,21,2002-02-27
18,Aiden,Miller,A,4,2019-11-05
19,Jackson,Jackson,J,18,2005-11-15
20,Sophia,Jackson,S,57,1966-08-23
